x,y,label
-2.3739889676771964,-2.7653170959229527,1
-2.03237746217322,-1.0598114491192883,1
5.965243495028727,-4.5073631713269755,2
-3.664791747210369,-1.8721325701256892,1
0.7723220327039009,2.287131707126623,0
4.624080263213635,-3.267223961954412,2
3.7061502867004643,-3.0292723854134618,2
0.43110587482466717,1.6000587005219251,0
0.8135373674105666,3.2839790373837117,0
0.9955429074804705,0.27232174998383507,0
3.20899845095815,-3.475176889289673,2
4.517828669156275,-4.171376254206797,2
1.2620583970805106,3.063648750328883,0
1.25684193519308,1.969706108093471,0
-2.642433874435977,-1.0306489839350068,1
3.03397637666092,-2.206340015955667,2
-3.1864195219652576,-4.564939931554313,1
1.6518074355143342,3.0621890562936303,0
0.12266015165331101,0.42812853493832703,0
4.256282786950823,-0.7787888211433232,2
-0.5647755826393497,1.0639451909964608,0
0.830908913050503,1.7910856553190597,0
3.9043973907239558,-5.769930410196894,2
-5.618673541241899,-3.46509215368622,1
3.0814524957373584,-2.600103231247045,2
0.3694691921795123,1.7887194469715393,0
-2.953100706704454,-1.4569938227565662,1
-0.3654634354708364,-0.27665426337856536,0
1.4949391897566633,0.7924708084776779,0
4.630081802720099,-2.6062421794888664,2
1.3591183075979676,1.427150564163673,0
4.7913079460226164,-4.0707624846950585,2
1.8038353754961043,2.008850184315452,0
3.2119423272567267,-1.196195551219211,2
1.8694062252450736,1.6397832830336276,0
-2.7887538191908003,-1.052018953376701,1
-0.5427517382165408,1.7917108055166588,0
-1.854652836149455,-2.84558205044787,1
2.25976940664875,-2.9643579950575716,2
0.1276673953239409,4.4118694901100355,0
1.851071503466267,1.5005050625446383,0
2.2979017071387284,2.9346022141444,0
-3.2965049866276837,-1.0905307953074672,1
-4.064021597939332,-1.6849199525686025,1
-3.8423168204921447,-1.3247141072450082,1
4.615578345257035,-3.4801288299098503,2
3.318737775645178,-2.979427061087963,2
-0.13266385121293744,1.3294488185952829,0
3.5489760034667244,-1.6217395972193245,2
-2.364336745055158,-0.8818546991201814,1
1.4394981194756138,3.767276487209949,0
-2.3097674748149153,-0.5602541863818388,1
1.778193531871068,2.201954753692927,0
-1.9563270457466864,-1.7411803487274693,1
1.2893286839537326,2.297407310159252,0
-0.13479100564769253,1.2337929979254771,0
4.379838779808069,-2.761960839636905,2
-3.7983115194597916,-0.8177782305007947,1
1.7512474586891273,1.4391123921303492,0
4.271881478100868,-1.4462870921071402,2
1.6224374571475626,3.012487928381547,0
-1.9817571805426195,-1.3898675249523973,1
1.056580460536754,-2.0045327685081813,2
-1.7999123783128887,-0.1014675223213104,1
-2.0032387594892738,-1.4092603270811161,1
-3.803433673089638,-0.839513652618675,1
-3.850022649416072,-1.9224475720056606,1
2.84337979794199,-2.22107548612916,2
1.5533181505791631,2.5865023935672724,0
2.4314829469339925,1.6818170443879294,0
-2.5116072479524414,-1.8656585528019103,1
2.708841115003146,-2.7416761111121697,2
-1.4422579795015855,1.2510993075116739,1
3.8115703467924527,-2.1973803790624578,2
-4.552382522075889,0.730925741581808,1
-2.6735162324313646,0.08794344820879285,1
-3.8314914633806425,-1.0240577660125436,1
-2.7232077915010837,-0.5048220613063431,1
2.0700479452397915,0.9405414685938585,0
0.8966961967246153,2.750232472995127,0
4.908333522859979,-1.9119762451387161,2
1.1191168451631106,2.284260077251929,0
3.3721208407388614,-3.0179248962297915,2
-3.4423571013995247,-0.9799219674631253,1
0.7157401869848435,1.1936039714587707,0
-3.621717031812964,-3.072846374681927,1
1.9066221792431801,2.6480252596514857,0
-0.48075022108889964,2.745548888232258,0
-3.525290912095325,-2.0330529506827704,1
-0.43832801671553034,2.7187430377179664,0
2.3690034754735123,1.2964428635749363,0
4.127572937249094,-1.6178628041377476,2
-1.5418547370078644,-2.199079531621299,1
1.5475651087290634,1.6854055569418542,0
2.5924460633417574,1.0258628147551103,0
4.600496446084086,-2.149429471530312,2
1.2297827103128727,2.3818116523659687,0
0.27790254094706346,2.113872538806622,0
-0.24597908280934733,1.2605382660527384,0
-2.836109556474756,-3.952817114283002,1
-2.179346516604549,-0.6779794083214183,1
4.373369373337223,-1.9043551054498788,2
-2.115253994700736,-1.1644449824749465,1
-2.6265784709526927,-1.9028615169341032,1
1.575956739876495,1.4773068066872406,0
5.167783048364701,-5.161770447385509,2
4.150488073531993,-4.0341614704075575,2
-2.3076948119444087,0.38861686204840695,1
0.5005174460105004,0.7891941425022189,0
-2.145610262174358,-1.9829623467429929,1
-1.8394817092259248,0.9103402524540241,1
-5.184755994437467,-0.8238901417604003,1
-3.185041021597277,-0.6631126169116197,1
-2.137551482905136,-1.0415592445448831,1
-2.41739943671561,-0.4457874837127962,1
-2.379269921988662,-2.3571722941627913,1
-0.6215727983337522,2.3601123717561032,0
4.7224142079178195,-2.9543646618040125,2
-0.19691745189802012,1.7054473556004621,0
-2.84341985636411,-0.504876620165109,1
-1.5963675198843674,-1.4503868799976987,1
-3.4755820721475432,-0.8995031738593474,1
4.982561636776454,-1.2528955081897635,2
-3.275112326331287,-1.5484280385345186,1
3.326024599956301,-3.6618543350474777,2
1.5057676563335156,-3.0423417296387134,2
-2.4289456433656875,-0.646252409790589,1
3.734145328312094,-2.612337457507462,2
4.6233822092026,-3.5478844827185556,2
0.8417338713072976,2.7308311743621116,0
-1.7488681367544352,-0.6749978884673413,1
-2.224024132190493,-2.7670135686112225,1
1.4770948288406784,2.228846105147281,0
2.8471824280418003,-3.2571741443670725,2
1.8082038432761243,-2.952398084849666,2
1.0727704358547472,3.1447430715218156,0
-1.3922542271950136,-0.2533689237913259,1
6.17643647024336,-0.4782713208515128,2
-1.4575550134136799,-1.709315057423938,1
3.698020102178586,-3.7203028453654365,2
4.269894436044846,-0.3598292857354619,2
-4.143888098283337,-2.317894646892357,1
5.221139348878286,-4.111713364442165,2
-1.5799031078029744,-2.1488793538499937,1
0.26458261925115956,3.00934117853749,0
-1.9457043423092202,2.2286028963455315,0
0.8644680703113803,2.0992893664756367,0
-0.1296575957083791,0.35203390295294623,0
0.7823601044576617,1.6517553998182444,0
-1.5335760666043285,-3.9039534625090564,1
2.1532237025902012,3.5481420825587953,0
4.009171982075844,-3.33829200886417,2
1.820401179105325,2.279146054202006,0
0.17572206070197938,2.737323379209678,0
1.6733464706229837,0.582458034009359,0
-3.0058649799700135,-1.9716692122234958,1
3.5989086640910815,-3.8546861835853656,2
2.6380664788622825,2.04788397629465,0
5.934575333514636,-2.546601387895503,2
-2.444377970510272,-0.6394718003874813,1
1.836525661797603,-3.401144615703961,2
0.5042260245809747,3.5190568751916356,0
-3.5160426710857506,-1.3202163901875237,1
4.5454940225925275,-3.25561324838779,2
5.034003662527384,-3.164393690943864,2
1.7319126909471905,-1.766720350694619,2
4.807310626652789,-0.6728659013086364,2
4.8648045792825485,-3.108949605499259,2
0.2525274512055887,3.4629199222365,0
1.6461067000726983,3.622951111481882,0
2.387437542457283,-3.239746426385377,2
2.075172785326002,-1.8745803571357782,2
-0.1835283212836929,1.696849549659849,0
2.3685971801179084,-2.819785471495249,2
2.9941004964494073,-3.196600620706613,2
-2.2459137515543985,0.09752146500055892,1
2.203876185293592,0.8031916274316029,0
1.8213888095763564,2.121096148282429,0
-2.592417807735307,-2.1939496391148525,1
1.3362669254559594,0.8944918237189851,0
-2.0640463280309813,-2.4256675727854855,1
2.061298048639407,-1.8317224381078838,2
0.020108714686458473,0.3704510748935257,0
-3.818173066849123,-0.6844635781505303,1
3.8834163078053696,-2.352204661793637,2
-0.33116156518161843,3.395536384138985,0
1.0187325190414176,1.3576615955912459,0
-2.7810294280331256,-1.4876351152230607,1
3.358695429895236,-3.6156502769824694,2
3.7470884044226183,-2.4598515900859486,2
0.4806213296703426,2.448297258628344,0
1.159599891595008,0.4299572557881508,0
5.991544249871233,-2.3178519804251128,2
-2.902283440073546,-2.034919363338756,1
3.618155858147113,-3.084885795344756,2
-3.153153058779869,0.7143552802293063,1
4.905219352240113,-2.996636381881211,2
4.005992924077432,-2.538489302389517,2
-1.1088216614049158,2.251128069407703,0
-2.807976597990948,-2.388409548792979,1
1.0043822951974446,1.8100936098634612,0
5.095796438620184,-4.194252096654458,2
-0.5324637022732033,1.2199177200303803,0
-0.7288407686370406,2.488838680316487,0
3.3142063692300865,-2.643464232068121,2
3.0240554277558434,-3.130035686849665,2
-3.8195908862418904,-1.7221603697251324,1
-2.6420576913082883,-2.482590610771588,1
1.507021178574567,0.6944103019686081,0
-3.124951883702547,1.4093478140561913,1
-3.1925461496840875,-2.7410225996512896,1
-3.268008288517717,-1.991052062257892,1
0.8363607146874443,2.1003921142450532,0
-2.581894076630147,-0.6148163291302753,1
4.370511335784594,-3.128829779457836,2
4.288210357139833,-4.126187216143708,2
5.090314004982213,-2.699444052706623,2
-2.781964879173065,-1.0963203322040052,1
-4.475730066752055,-1.5400270034442796,1
4.564722801885239,-4.152547622846007,2
-3.3555944131243565,-2.2881625206600957,1
2.6774773512469654,-2.7856110199416384,2
3.236987496266499,-4.2599163192817695,2
4.470156221413875,-3.8377947882792953,2
1.0122421163642021,0.6252991453341057,0
-1.8530878841743723,-2.03526909396525,1
0.646802312440549,1.8996693698920337,0
1.4037020619786629,1.1614506030992946,0
1.0673921495920906,1.7612747177207881,0
4.953706306823369,-3.852985776311554,2
7.266269125756906,-2.7897722855211398,2
-3.6191971873735342,-1.699081331174162,1
2.9091698581091814,-3.568617790567819,2
-3.307422769900149,-0.10879563047487517,1
1.3286747915877202,0.9856729992793821,0
-3.415441524937136,-1.6620977274317597,1
1.3891613325995467,2.434233290177923,0
-0.6698687942900154,0.8289564704033523,0
-0.48220661999542824,3.1279882466016296,0
-1.848075824611319,-0.6585914531015187,1
0.8773813279366139,2.068070392836346,0
1.1267199890859771,1.9188550890589813,0
4.289268741161263,-3.2292351090169666,2
3.7317644350523396,-4.742113293399249,2
0.030583197185506728,0.7783113678565083,0
0.9942116053578185,2.432222904349466,0
-3.4968477145510715,-1.953935944172911,1
-3.93731256444438,-1.9077595402770506,1
-4.06052423672442,-1.1377377626245972,1
3.845426808318426,-1.8588402107888198,2
-4.904522374959065,-1.4124373420307546,1
-0.10283885268066806,1.4533709742346717,0
2.5944040884730186,-2.640117906229122,2
-3.1413993004541716,-2.4367527060591794,1
3.5701455156272814,-3.6542188502910493,2
-2.9985896063813695,-1.6909433556283486,1
3.6711639885308625,-2.952085396657914,2
1.448145960671254,1.742337363350322,0
-3.5185562748608366,-1.2415676570491454,1
-3.6293954002602593,-1.4196770012699542,1
1.5835661011377944,1.8052257108638665,0
3.2313842820713337,-4.177904367455849,2
0.7288696773761876,3.09680999896862,0
6.1134125425529025,-1.8138712484015003,2
0.9892901656821511,1.212506406879269,0
5.2350849130554415,-2.463493677690738,2
5.256624385874058,-2.2234544368914664,2
-1.3697045019737129,-1.1079462534106863,1
0.4275209261738719,0.34252477549933236,0
-3.5615303897279498,-1.410498034798694,1
1.056678165784161,2.784866524512144,0
0.5943164452942589,3.2927960607097253,0
-2.1331020627598565,-0.644342832856241,1
0.2672165326282365,1.132195568636681,0
-4.290667902078191,-2.0265576162049515,1
-1.727187269879016,-1.9547210655995566,1
-0.9030161627025026,1.058085441981834,0
6.094043486134894,-5.078442567755538,2
2.195715904769675,-3.687474698553229,2
2.272820031249821,1.7421649546296312,0
3.986395722881801,-3.3016307840787347,2
2.021344962865001,-0.5364075657953915,0
3.5005831003226793,-4.244025695794785,2
2.3916192221467814,2.13585333767882,0
-3.45540914605103,-1.8409515223093647,1
3.0126567416327585,-3.0193928795489886,2
1.6299239293419197,3.495052925814875,0
0.10725190716848854,2.3251880708711408,0
1.532293049905781,0.5202715397960724,0
1.7282837081238918,2.710130525681265,0
-1.8227121626309137,-0.7530502051713449,1
2.7189190747356324,2.4809979596294838,0
1.8470989689536834,1.8925101785665552,0
-0.6555563040278678,3.5052306027296334,0
-2.9869565001122833,-1.3071802061719417,1
0.37564226304355175,2.391039785527569,0
1.9786844925065592,2.5119567261119915,0
-2.474914689954796,0.013076829945348756,1
3.6940218351069265,-4.670459125430434,2
2.8813438490862135,-2.400634552124156,2
1.513328706771624,0.28436294587307875,0
5.168500753043289,-2.9979195364221023,2
-5.142667721838863,-2.186833725012059,1
2.6419220060660695,0.9143569037954998,0
2.7784076217709766,-2.8129345758287783,2
-2.487925715645458,-3.6247689495517355,1
-4.049656957135126,-0.9014134410251171,1
-2.4618997139490677,-1.8768741004730283,1
-3.8235500565799967,-2.133479054061839,1
3.5323876398093086,-3.2673310725849616,2
-2.9623401097854547,-2.2071994640022674,1
-3.1852302867330846,-2.451763594680242,1
2.721140239033238,-2.5683334926133217,2
-2.126876715058729,-2.2668386827455507,1
-1.808339123518129,-2.2144552226869894,1
4.286538091029737,-2.733981865499682,2
-0.16456768426261625,1.741016190583668,0
-2.6163652986937973,-3.2110249621951197,1
-1.5243868505073237,-1.2388402672842143,1
-2.107146491273774,-2.1008009924202855,1
-1.0598961602680093,2.967179194283869,0
0.5917180925441656,2.004965297293144,0
2.913900511911203,-3.145651332194451,2
0.6967382344019968,0.8728285487991967,0
0.4124444230320321,2.6337672467181963,0
-0.5384959369594027,3.39250785068618,0
0.12513123555513483,1.247928541832676,0
5.171795133291998,-4.812392191633249,2
5.115070349109561,-2.0324584878887064,2
-3.2319220830517468,-1.9867390971146595,1
4.501925893208393,-4.404432239612531,2
-2.666712545498324,-1.4465936015944945,1
-2.735430634734081,-0.9611448626222868,1
5.410291854126063,-1.178301156408045,2
5.322972544678256,-1.4153389036145156,2
-1.5176465928731755,0.21176701277795473,1
4.8327425101789645,-3.6659912529641474,2
-0.1273654494173332,0.5787078787817106,0
2.308628037768533,1.4611661102058526,0
-3.963467699471182,-2.363849357847401,1
3.137558115553272,-3.7146251589278383,2
-3.5622867273452723,-1.735553125982284,1
4.4087429444819115,-3.588148474421037,2
-3.95580043670675,-1.624755732853735,1
0.22210019432644246,1.6222653539098515,0
3.6407852368119404,-2.9904269140663007,2
4.872963077765671,-1.908647369647587,2
-1.339235012743212,-2.1158686652561935,1
-5.383115821509024,-1.0051139613536486,1
0.249014584977856,2.246978990358316,0
-2.7300217055379217,-2.7732420795038157,1
0.20406380681363478,1.1807009270602002,0
-3.0891728915439494,-2.8110792043336463,1
-3.2347287554034696,-2.3974560928180684,1
1.088959725979057,2.668933696655188,0
-2.6807453103367327,-1.2118034650431322,1
-2.4365801105991602,-3.3647925956321436,1
2.5201801531847803,-3.6973045543270144,2
-0.22320407701335743,2.2203822866386007,0
-2.3290139534755445,-0.7832844916769973,1
-3.7550708186461597,-2.232044597712017,1
3.6385483201242943,-3.6123188196857248,2
0.9194881703860868,1.7128480184113053,0
4.487467051128822,-3.331920951485482,2
4.697239490768077,-3.126559653538196,2
3.4911559982725584,-2.3790417648073943,2
1.3075290015220151,2.1497171789740084,0
6.07023734684944,-4.009949465713111,2
-3.643488721219362,1.9266542383178833,1
-1.3394744758118982,-0.6540665419178268,1
-3.002694124845832,-2.5275389107165775,1
0.30146799697399695,3.413456199648805,0
2.1050731321627216,1.4252508153973105,0
4.192885795201485,-3.6515843418302105,2
1.975877912361864,2.6595386918546695,0
2.9623470513133534,-2.8513477242285177,2
-3.121185072286072,-3.0094913412751945,1
4.411057263144814,-3.0333833935896695,2
2.1651173508608847,1.9395851914592397,0
0.1997006774428075,4.112254907792451,0
3.603911129968691,-2.620633894139214,2
3.2411328531261696,-4.063970367596852,2
3.36791996889976,-4.620686671304649,2
-3.783444600901451,-0.39464359751510036,1
-2.480327768941334,-1.8316273199507784,1
-1.8772613480034661,-2.1628139278425556,1
-3.1373347338792286,-0.8407193776837921,1
-3.406042678332538,-3.630490614678695,1
-2.4142920134756833,-0.7208156124755061,1
3.5088853022127204,-3.3300417820461585,2
-0.7424600373825196,-2.355324453602493,1
4.073960880088947,-3.0230550279177675,2
1.6044622632450012,0.872100830859189,0
-3.492882594873411,-2.221833295997634,1
-2.7591803299126534,-1.424985417283143,1
-0.5673107082657034,3.784755088125444,0
5.180243013926635,-2.9109532954271247,2
-0.5639516132545344,3.091190611132348,0
1.3175839611423221,0.3790836663252928,0
-0.8791716059279717,-2.5087776996339644,1
4.384358460388433,-3.7565528424336403,2
-0.14245991947968906,1.593063679403333,0
-2.126828660310264,-2.0414595682230474,1
-2.9699169673507337,-1.053777072615763,1
-3.1430626016394907,-1.4352569569407354,1
-4.192519156818925,-2.265985709050649,1
3.4847204454633833,1.1504271977591323,0
-0.3192978132467046,1.9857048919686062,0
4.731087219080174,-2.397786928475103,2
0.3021685124127964,2.773702942131961,0
3.9911791194822257,-4.816821075767079,2
-2.071600632732734,-2.3486321442274622,1
3.1390131704756197,-3.7483469654645596,2
-1.3166116717580352,-2.279593533899785,1
4.646784576563985,-4.319156066167455,2
1.155934037750932,4.014496788056139,0
1.9950622154596214,3.2432156479834218,0
4.020069052303127,-4.8987060394070605,2
0.16354044649090893,2.320972665075358,0
0.6272718165251794,2.3076446638029626,0
-5.010927259979622,-3.139149543173749,1
3.4490596857830615,-1.8952463794225607,2
-4.370030433892638,-0.549711130269212,1
4.282981231176947,-1.3941277582761924,2
1.1243564194300946,1.8242074407698392,0
2.3329341563444337,3.349387138401838,0
0.9030518024925113,2.502375554991236,0
0.18710196338038043,-1.0019243045508426,0
-3.6355409628149324,-2.9370921851267475,1
5.286408022167982,-1.0487301687593014,2
-5.0058588602130385,-2.5320961976286744,1
0.6292319373275461,2.9416639182357835,0
-3.324454403314708,-0.1656239198587608,1
0.3478450496187473,1.5164674629208417,0
-4.012059658321228,-2.2954201202272198,1
2.147077318828022,-4.220146943479874,2
-2.613384397510516,-1.8818348143785901,1
-0.12224579079310205,1.7280454567287005,0
3.702797936228866,-3.609182110353935,2
-4.471064523835213,-2.412226854877572,1
3.5682032273921402,-2.359998197193595,2
5.699341291060762,-2.6633698706082267,2
0.972033075141963,1.0290014288905964,0
3.273912516364904,-3.9859092429443166,2
-0.43662483544248976,1.4463341604337128,0
-3.6208272386329243,-0.8963706696714776,1
3.697365025311651,-3.0521046844935067,2
-2.7827517787333047,-1.7214722355703809,1
0.7632995366504438,-0.47016523800446963,0
0.8402281996547049,1.811655764453467,0
-2.872663915066919,-2.6176222049259033,1
-2.114778781942129,-0.36285959147194213,1
2.9279146144507306,-3.385080472729401,2
1.6959270204896009,2.1945674076067627,0
4.846257359983898,-4.345164236676394,2
1.087933809197374,2.344767174071403,0
1.930299531991385,2.143872499675853,0
3.7572391967670007,-2.558714480613263,2
3.418612898967094,-2.760408449341398,2
0.31009259875253714,1.1494826519308758,0
4.48096776549339,-2.5300328947233486,2
0.9483935461873437,3.2677324129552208,0
0.13455630915212724,1.90452914137208,0
1.2890482458452235,2.72283529118323,0
2.2790775247637267,-1.8828260399379884,2
-2.10720751775208,-1.781393405334967,1
-1.9819668159203099,-2.331595012094513,1
3.2998348884122337,-3.402153607037943,2
4.561762689995197,-2.2692422521536004,2
5.406407725419047,-4.9911912893909935,2
1.018958287035973,2.228621327554046,0
3.142236390984621,-1.6460726824352565,2
2.7675323413226174,-2.1228160016691593,2
-1.417539442504657,-2.0322799088069554,1
3.139939596694743,-1.9069943497926045,2
0.4154098026437213,2.292892086392851,0
-1.8001376740796213,-0.509520097120186,1
-2.8677594459725433,-3.8085537197904245,1
-3.5497598476895855,-1.7919388017605176,1
-2.5497955454849013,-1.8777336202268686,1
4.779560730033846,-2.8464956672056227,2
-2.440617179589552,-0.8046518207096496,1
4.61019001345214,-3.716277110664891,2
-0.6010962792718506,-3.0628163716130405,1
-4.298574470531708,-1.0461821650461356,1
3.028561748586921,-3.8339096561388972,2
3.385721329072061,-1.801951390534972,2
0.6647068752062097,2.992413236800245,0
4.788132141069415,-3.848267173932864,2
2.6853598710831665,-1.949271624065676,2
-0.14025495592486914,1.3345401092669251,0
2.4335193807813855,-3.554970009146266,2
0.45989624225450954,-0.5381195454258698,0
4.742586015618955,-5.227123756920598,2
-2.1571352625270688,-2.1194037413670275,1
-2.9974624776379626,-0.5760749610518144,1
-5.050499133282111,-0.9598622520047166,1
-0.4883797353201811,2.170676403222356,0
3.302508764863709,-3.5661213516005645,2
1.6627789137009517,1.7696037729639482,0
5.145780495335582,-0.8902615747065892,2
2.7000788046324216,-2.8432716910619176,2
0.22590987295241527,2.022607316613818,0
-2.4207575430576265,0.7480889747943,1
-1.1579022380527115,-2.0082919897297202,1
-3.813340225919825,-0.48850835998836706,1
0.9542399730109358,2.2891097190901646,0
1.5103932014837527,1.2427268380519751,0
5.289068135201206,-1.9572850422079713,2
-1.5723596151741654,-1.0586488755918888,1
2.908860261241914,-0.6044765540734476,2
3.3646175708070922,-3.363892407141993,2
3.9095819505470133,-1.3234419457684103,2
-3.766245924118765,-0.5584129600993227,1
5.221208301794801,-3.492089799153211,2
-3.5410784788800203,-2.729947497237492,1
2.434615191974417,-2.2127569668773357,2
4.409703842282733,-4.3019672970464065,2
4.648134732349264,-2.1970821556008593,2
1.640918916826088,0.4711431265297752,0
3.099059384429936,-3.7286585516398585,2
0.3319589479988607,1.387212081267758,0
-0.17690307716071296,0.8267464456256912,0
-2.788490675527476,-0.8085873339566584,1
-2.969671572465583,-2.186892298841919,1
-0.565605985501507,2.209086541355048,0
3.2893782398377245,-4.020364730344104,2
3.8705936267566834,-3.5337520603395514,2
-1.5658126591765813,-0.9693675017372446,1
4.4690134954990794,-2.7192664373313558,2
1.2160086682985032,2.712693864452125,0
2.0353951429987394,-3.5249688630259017,2
4.964466686410969,-3.313293135014402,2
-2.064692798086181,0.1939027620671272,1
-0.49615910555347287,1.2851275994249765,0
-3.2591855963022747,-3.29927530916752,1
3.7136967470781905,-2.6069329338861427,2
4.7153262309019155,-1.7991825261896741,2
3.9210375032446976,-3.4680130217551133,2
3.998248544905062,-1.4149535118002725,2
-2.1274415478776745,-1.3715915734866493,1
-4.117117013234873,-1.3592494271026814,1
-0.7787548602611307,1.750275884772916,0
2.055287740487455,4.536078119271147,0
4.1883165845518855,-1.6244973423584386,2
-3.5952764831853266,0.21058706268214356,1
4.102239716123284,-1.3831180073768117,2
2.998618481080068,1.9156530140762547,0
0.25544039906945903,2.1588181285664683,0
-4.424045092330953,-1.29682964387271,1
0.7274774322782565,0.6404379401348612,0
-2.810999456838041,-3.0299580303020623,1
0.3095926506329041,2.768342216944599,0
3.4453565744186494,-3.787643070229412,2
0.28714439637287115,2.2802583035644495,0
3.9784219306017996,-2.6388401626965328,2
3.8337373182044585,-4.10605558281147,2
-0.5544988306344774,1.6418736227046038,0
4.158393653999826,-2.0766980592948747,2
-1.6419359188601457,-2.1426412105558024,1
5.029909761133527,-2.887828597315957,2
-0.034268648989411954,3.5542206683109883,0
-3.3508372375332933,-0.5051859451067018,1
3.733802101240612,-1.5896609366200882,2
0.9588382287232813,0.7404043380535825,0
2.1612595992199033,2.514792573989905,0
-3.113353081408662,-1.145766045586621,1
4.486552088278315,0.6657341128099397,0
3.6488533806428753,-3.1173633844314805,2
0.30487775018450713,1.6242251420077705,0
-4.59293370773724,-2.1937040477248813,1
4.823270087085022,-2.602881798891833,2
5.020986933759492,-3.464785319545203,2
-4.738621578259828,-2.687703616384616,1
-0.382796572030625,-1.754604976711874,1
3.5769681417372396,-3.4522451759394928,2
3.911407552271028,-4.0141553685864775,2
-4.038771371113543,-1.9669630812826944,1
1.6843008435514852,3.1815867311535087,0
2.007975479445652,0.23568667035477797,0
-3.9322520156091842,-1.9911498514038983,1
4.061202161039423,-4.144615587192695,2
1.0925712494777056,2.237860766937734,0
3.6400538977211165,-1.4042441132526784,2
2.0202133187008675,1.1755107911346738,0
-1.8071657065844418,-2.353399748902091,1
3.4192104014020144,-3.4280792000070446,2
-3.6026787925952894,-1.8886300194308263,1
-1.980545286083359,-0.7388202977213912,1
1.9099059646038765,0.65112016188447,0
5.912408130533065,-2.3120484094824207,2
1.061114034474245,2.753200748543569,0
2.030072224072402,2.6377693870810557,0
5.771772865201952,-3.119489106034075,2
-3.17980898241885,-1.5557272214496984,1
5.483131042289911,-3.2949049478058297,2
-2.2030892499432113,-1.8777078276952341,1
3.329961654756689,-4.229825871762497,2
4.610010264383335,-3.1350417933973995,2
-2.723571415668478,-1.0542899252564941,1
